{
  "id": "BBG-ui",
  "title": "BBG UI",
  "description": "Just another UI",
  "authors": [
    {
      "name": "LGMart",
      "flags": {}
    }
  ],
  "version": "0.1.1",
  "styles": [
    "bbg-ui.css"
  ],
  "url": "https://github.com/LGMart/FoundryVTT-bbg-ui",
  "manifest": "https://raw.githubusercontent.com/LGMart/FoundryVTT-bbg-ui/main/module.json",
  "compatibility": {
    "verified": "10",
    "minimum": "10"
  },
  "download": "https://github.com/LGMart/FoundryVTT-bbg-ui/raw/main/bbg-ui.zip"
}